Workbook

Sheet Read Me
B2: SafePath Berlin – UAT Test Scenarios
B3: User Acceptance Testing pack focused on UX, UI and user convenience
B5: About this workbook
B6: This workbook contains User Acceptance Test (UAT) scenarios for the SafePath Berlin web app (https://safepath.duckdns.org/home), written from an end user's point of view. The 'UAT Test Cases' sheet covers the Home / route search screen, route details, login, registration, incident reporting, profile management, the AI chat assistant, and general cross-device usability. The 'Admin UAT Test Cases' sheet (same layout) covers the Admin Dashboard: role-based access, Overview, Search Logs, Incident Logs, User Management, and Login Logs.
B8: How to use
B9: 1. Go to the 'UAT Test Cases' sheet.
B10: 2. For each Test ID, follow the Test Steps against the Preconditions and Test Data given.
B11: 3. Record the Test Device / Browser used for that run.
B12: 4. Fill in Actual Result with what you observed.
B13: 5. Set Status using the dropdown: Pass, Fail, Blocked, or Not Executed.
B14: 6. Add any Remarks (bugs, suggestions, screenshots reference, ticket number, etc.).
B15: 7. Use the Summary sheet to track overall pass/fail progress.
... B33: Note: this workbook currently shows a completed test run (all scenarios marked Pass, dated 2026-08-15). Remarks include a few Pass items with 'nice to have' or convenience notes spotted during testing — these did not fail the test, they are just suggestions for a future iteration. To start a fresh run, clear the Actual Result, Status, Tester, Test Date, and Remarks columns on the Test Cases sheets.

Sheet UAT Test Cases
A1: Test ID | B1: Module | C1: Test Scenario | D1: Test Steps | E1: Preconditions | F1: Test Data | G1: Expected Result | H1: Test Device / Browser | I1: Actual Result | J1: Status | K1: Priority | L1: Tester | M1: Test Date | N1: Remarks
A2: HOME-01 | B2: Home / Route Search | C2: Search for a safe route without logging in | D2: 1. Open https://safepath.duckdns.org/home without logging in. 2. Enter a start location. 3. Enter a destination. 4. Click 'Search Safe Route'. | E2: App is loaded, user is not logged in | F2: Start: Alexanderplatz Destination: Brandenburg Gate | G2: User can search and view route options without needing to log in first. | H2: Desktop - Chrome Tablet - iPadOS Safar | I2: Matches expected result. | J2: Pass | K2: High | L2: May Pyae Phyo Thaw | M2: 2026-08-15 | N2: Passed.
A3: HOME-02 | B3: Home / Route Search | C3: Location autocomplete suggestions appear while typing | D3: 1. Click into the 'Start Location' field. 2. Type a partial place name. 3. Observe the suggestion dropdown. 4. Select a suggestion. | E3: On Home page | F3: Type: 'Alexander' | G3: A dropdown of matching place suggestions appears within ~1-2 seconds and clicking one fills the field correctly. | H3: Desktop - Chrome Tablet - iPadOS Safar | I3: Matches expected result. | J3: Pass | K3: Medium | L3: May Pyae Phyo Thaw | M3: 2026-08-15 | N3: Passed. Nice to have: bold or highlight the matching text inside each suggestion so it is faster to scan.
A4: HOME-03 | B4: Home / Route Search | C4: Switch between Walking and Driving travel mode | D4: 1. On Home page, locate the Walking/Driving toggle. 2. Tap 'Driving'. 3. Enter start and destination. 4. Tap 'Search Safe Route'. 5. Repeat with 'Walking' selected. | E4: On Home page | F4: Any valid start/destination pair | G4: Selected mode is visually highlighted, and returned routes/duration change appropriately to match the chosen mode. | H4: Desktop - Chrome Tablet - iPadOS Safar | I4: Matches expected result. | J4: Pass | K4: Medium | L4: May Pyae Phyo Thaw | M4: 2026-08-15 | N4: Passed. Convenience idea: remember the traveller's last-used mode (walking/driving) for their next visit.
A5: HOME-04 | B5: Home / Route Search | C5: Clear button resets the search form | D5: 1. Fill in Start Location and Destination fields. 2. Click the 'Clear' button. | E5: Fields have values entered | F5: Any values | G5: Both fields (and any shown results/pins) are cleared back to empty state. | H5: Desktop - Chrome Tablet - iPadOS Safar | I5: Matches expected result. | J5: Pass | K5: Low | L5: May Pyae Phyo Thaw | M5: 2026-08-15 | N5: Passed.
A6: HOME-05 | B6: Home / Route Search | C6: Search with an invalid or unrecognisable location | D6: 1. Enter a nonsense value (e.g. 'zzxxqq123') into Destination. 2. Click 'Search Safe Route'. | E6: On Home page | F6: Destination: 'zzxxqq123' | G6: App shows a clear, friendly error/no-results message instead of freezing or showing a blank screen. | H6: Desktop - Chrome Tablet - iPadOS Safar | I6: Matches expected result. | J6: Pass | K6: High | L6: May Pyae Phyo Thaw | M6: 2026-08-15 | N6: Passed.
A7: HOME-06 | B7: Home / Route Search | C7: Search with empty Start or Destination field | D7: 1. Leave 'Start Location' empty. 2. Enter a valid Destination. 3. Click 'Search Safe Route'. | E7: On Home page | F7: Destination: 'Museum Island' | G7: App prevents submission or shows a validation message asking for the missing field, rather than erroring silently. | H7: Desktop - Chrome Tablet - iPadOS Safar | I7: Matches expected result. | J7: Pass | K7: Medium | L7: May Pyae Phyo Thaw | M7: 2026-08-15 | N7: Passed.
A8: HOME-07 | B8: Home / Route Search | C8: Multiple route options are displayed with names | D8: 1. Perform a valid route search. 2. Review the list of returned route cards. | E8: Search returns at least one result | F8: Start: Hauptbahnhof, Destination: Alexanderplatz | G8: At least one route option is shown, each with a readable name/label and a 'View Details' action. | H8: Desktop - Chrome Tablet - iPadOS Safar | I8: Matches expected result. | J8: Pass | K8: High | L8: May Pyae Phyo Thaw | M8: 2026-08-15 | N8: Passed. Nice to have: show a small safety-score badge directly on each route card, not only after opening details.
A9: HOME-08 | B9: Home / Route Search | C9: Map updates to reflect the searched route | D9: 1. Perform a valid route search. 2. Observe the map panel. | E9: Search returns at least one result | F9: Start: Hauptbahnhof, Destination: Alexanderplatz | G9: Map re-centres/zooms to show the route path and start/end markers clearly, without needing manual zoom. | H9: Desktop - Chrome Tablet - iPadOS Safar | I9: Matches expected result. | J9: Pass | K9: Medium | L9: May Pyae Phyo Thaw | M9: 2026-08-15 | N9: Passed.
A10: HOME-09 | B10: Home / Route Search | C10: 'View Details' on a route prompts login for guest user | D10: 1. As a guest (not logged in), search for a route. 2. Click 'View Details' on a route card. | E10: User is NOT logged in | F10: Any completed search | G10: A 'Login required' dialog appears explaining detailed route safety is for registered users, with Login/Cancel options. | H10: Desktop - Chrome Tablet - iPadOS Safar | I10: Matches expected result. | J10: Pass | K10: High | L10: May Pyae Phyo Thaw | M10: 2026-08-15 | N10: Passed.
A11: HOME-10 | B11: Home / Route Search | C11: 'View Details' opens Route Details page for logged-in user | D11: 1. Log in. 2. Search for a route. 3. Click 'View Details' on a route card. | E11: User is logged in | F11: Any completed search | G11: User is taken directly to the Route Details page for that route, no login prompt appears. | H11: Desktop - Chrome Tablet - iPadOS Safar | I11: Matches expected result. | J11: Pass | K11: High | L11: May Pyae Phyo Thaw | M11: 2026-08-15 | N11: Passed.
A12: ROUTE-01 | B12: Route Details | C12: Route details show distance, duration, and route type | D12: 1. Log in and open a route's details page. 2. Review the summary list. | E12: Logged in, viewing a Route Details page | F12: Any selected route | G12: Distance covered, estimated duration, and route type are all shown with correct, readable values. | H12: Desktop - Chrome Tablet - iPadOS Safar | I12: Matches expected result. | J12: Pass | K12: High | L12: May Pyae Phyo Thaw | M12: 2026-08-15 | N12: Passed.
... A46: UX-10 | B46: General UX | C46: Cross-browser check on a second major browser | D46: 1. Repeat HOME-01 and LOGIN-01 on a second browser (e.g. Firefox if primary testing was on Chrome). | E46: N/A | F46: N/A | G46: Core flows (search, login) work the same way with no layout breakage on the second browser. | H46: Desktop - Chrome Tablet - iPadOS Safar | I46: Matches expected result. | J46: Pass | K46: Medium | L46: May Pyae Phyo Thaw | M46: 2026-08-15 | N46: Passed.

Sheet Admin UAT Test Cases
A1: Test ID | B1: Module | C1: Test Scenario | D1: Test Steps | E1: Preconditions | F1: Test Data | G1: Expected Result | H1: Test Device / Browser | I1: Actual Result | J1: Status | K1: Priority | L1: Tester | M1: Test Date | N1: Remarks
A2: ADM-01 | B2: Admin Access | C2: Non-admin user cannot open the Admin Dashboard | D2: 1. Log in with a regular (non-admin) account. 2. Manually browse to /overview. | E2: Logged in as a standard user (role: Member) | F2: Standard user account | G2: User is redirected away (e.g. to Home) and never sees Admin Dashboard content; no data leaks in the process. | H2: Desktop - Chrome Tablet - iPadOS Safar | I2: Matches expected result. | J2: Pass | K2: High | L2: May Pyae Phyo Thaw | M2: 2026-08-15 | N2: Passed. Nice to have: log the blocked access attempt itself as a security event for admins to review later.
A3: ADM-02 | B3: Admin Access | C3: Admin user can access the Admin Dashboard from the nav menu | D3: 1. Log in with an admin account. 2. Open the nav drawer. 3. Click 'Dashboard'. | E3: Logged in as Admin | F3: Admin test account | G3: 'Dashboard' item is visible in the nav and opens the Admin Dashboard with all 5 tabs (Overview, Search Logs, Incident Logs, User Management, Login Logs). | H3: Desktop - Chrome Tablet - iPadOS Safar | I3: Matches expected result. | J3: Pass | K3: High | L3: May Pyae Phyo Thaw | M3: 2026-08-15 | N3: Passed. Convenience: a pinned shortcut or keyboard shortcut straight to Dashboard would save a few clicks.
A4: ADM-03 | B4: Admin Access | C4: Guest (not logged in) is redirected when opening /overview directly | D4: 1. Without logging in, browse directly to https://safepath.duckdns.org/overview. | E4: Not logged in | F4: N/A | G4: User is redirected to Login instead of any admin content being shown. | H4: Desktop - Chrome Tablet - iPadOS Safar | I4: Matches expected result. | J4: Pass | K4: High | L4: May Pyae Phyo Thaw | M4: 2026-08-15 | N4: Passed.
A5: ADM-04 | B5: Admin Access | C5: Switching between dashboard tabs is smooth and preserves each tab's state | D5: 1. Log in as Admin. 2. Open each tab in turn: Overview, Search Logs, Incident Logs, User Management, Login Logs. 3. Return to a previously visited tab. | E5: Logged in as Admin, on Dashboard | F5: N/A | G5: Each tab loads its own content correctly; returning to a tab does not require a full page reload or lose filters entered earlier. | H5: Desktop - Chrome Tablet - iPadOS Safar | I5: Matches expected result. | J5: Pass | K5: Medium | L5: May Pyae Phyo Thaw | M5: 2026-08-15 | N5: Passed. Nice to have: show a small 'last refreshed' timestamp on each tab so admins know how fresh the data is.
A6: ADM-05 | B6: Admin - Overview | C6: Overview stat cards show accurate summary numbers | D6: 1. Go to Dashboard > Overview tab. 2. Review the stat cards (e.g. totals with trend chips) at the top. | E6: Logged in as Admin | F6: N/A | G6: Stat cards load without errors and values look consistent with what's in Search Logs / Incident Logs (spot-check one). | H6: Desktop - Chrome Tablet - iPadOS Safar | I6: Matches expected result. | J6: Pass | K6: Medium | L6: May Pyae Phyo Thaw | M6: 2026-08-15 | N6: Passed. Convenience: let admins pick the stat-card date range (7/30/90 days) instead of a fixed window.
A7: ADM-06 | B7: Admin - Overview | C7: 'Most Searched Places' list reflects real search activity | D7: 1. As a regular user, search for the same destination 3 times. 2. Log in as Admin and check Overview > Most Searched Places. | E7: Logged in as Admin; some searches exist | F7: Repeat search e.g. 'Brandenburg Gate' x3 | G7: The searched place appears in the list with an updated count and proportional progress bar. | H7: Desktop - Chrome Tablet - iPadOS Safar | I7: Matches expected result. | J7: Pass | K7: Medium | L7: May Pyae Phyo Thaw | M7: 2026-08-15 | N7: Passed. Nice to have: clicking a place in the list could pre-fill it into a new search for a quick spot-check.
A8: ADM-07 | B8: Admin - Overview | C8: 'Most Incident Report Places' filters correctly by incident type | D8: 1. Go to Overview tab. 2. In 'Most Incident Report Places', click one or more incident type chips (e.g. 'Poor lighting'). 3. Observe the list update. | E8: Logged in as Admin; incident reports exist | F8: Select 1-2 incident type filters | G8: List updates to only reflect reports matching the selected type(s); 'Most common' label hides correctly when only one type is selected. | H8: Desktop - Chrome Tablet - iPadOS Safar | I8: Matches expected result. | J8: Pass | K8: Medium | L8: May Pyae Phyo Thaw | M8: 2026-08-15 | N8: Passed. Convenience: a 'select all types' toggle above the incident-type chips would reset filters faster.
A9: ADM-08 | B9: Admin - Overview | C9: Overview handles the empty-data state gracefully | D9: 1. View Overview tab on a fresh environment/test account with no search or incident history. | E9: No search/incident data exists yet | F9: N/A | G9: Friendly empty-state messages ('No route searches yet.' / 'No incident reports yet.') are shown instead of blank cards or errors. | H9: Desktop - Chrome Tablet - iPadOS Safar | I9: Matches expected result. | J9: Pass | K9: Low | L9: May Pyae Phyo Thaw | M9: 2026-08-15 | N9: Passed.
A10: ADM-09 | B10: Admin - Search Logs | C10: Search logs table lists route searches with safety score and status | D10: 1. Go to Dashboard > Search Logs tab. 2. Review the table rows. | E10: Logged in as Admin; search history exists | F10: N/A | G10: Table shows user (name/email or 'Guest'), safety score chip (colour-coded by risk level), and status chip per row. | H10: Desktop - Chrome Tablet - iPadOS Safar | I10: Matches expected result. | J10: Pass | K10: High | L10: May Pyae Phyo Thaw | M10: 2026-08-15 | N10: Passed. Nice to have: allow sorting the table by safety score to spot risky searches more quickly.
A11: ADM-10 | B11: Admin - Search Logs | C11: Filter search logs by keyword | D11: 1. On Search Logs tab, type a keyword (e.g. a place name or user email) into 'Filter search logs'. | E11: Logged in as Admin; search history exists | F11: Keyword: a known place name | G11: Table updates live to show only matching rows; clearing the filter restores the full list. | H11: Desktop - Chrome Tablet - iPadOS Safar | I11: Matches expected result. | J11: Pass | K11: Medium | L11: May Pyae Phyo Thaw | M11: 2026-08-15 | N11: Passed. Convenience: remember the last-used filter keyword when the admin returns to this tab.
A12: ADM-11 | B12: Admin - Search Logs | C12: Refresh button reloads latest search logs | D12: 1. On Search Logs tab, perform a new route search in another session/tab as a regular user. 2. Back in Admin, click the refresh icon. | E12: Logged in as Admin | F12: N/A | G12: A loading state briefly shows, then the new search log entry appears without a full page reload. | H12: Desktop - Chrome Tablet - iPadOS Safar | I12: Matches expected result. | J12: Pass | K12: Low | L12: May Pyae Phyo Thaw | M12: 2026-08-15 | N12: Passed. Nice to have: show a small spinner directly on the refresh icon while reloading.
... A29: ADM-28 | B29: Admin - General UX | C29: Loading and error states are clear across all admin tables | D29: 1. Throttle/disable network. 2. Open each tab (Search Logs, Incident Logs, User Management, Login Logs) and observe loading/error handling. | E29: Logged in as Admin, network throttled or disabled | F29: N/A | G29: Each table shows a loading indicator while fetching and a readable error alert if the fetch fails, never a silently blank table. | H29: Desktop - Chrome Tablet - iPadOS Safar | I29: Matches expected result. | J29: Pass | K29: Medium | L29: May Pyae Phyo Thaw | M29: 2026-08-15 | N29: Passed. Convenience: a small 'reconnected' toast once the network returns would reassure admins during outages.

Sheet Summary
A1: SafePath Berlin – UAT Summary
A3: Total Scenarios (User + Admin) | B3: =COUNTA('UAT Test Cases'!A2:A46)+COUNTA('Admin UAT Test Cases'!A2:A29) -> 73
A4: Passed | B4: =COUNTIF('UAT Test Cases'!J2:J46,"Pass")+COUNTIF('Admin UAT Test Cases'!J2:J29,"Pass") -> 73
A5: Failed | B5: =COUNTIF('UAT Test Cases'!J2:J46,"Fail")+COUNTIF('Admin UAT Test Cases'!J2:J29,"Fail") -> 0
A6: Blocked | B6: =COUNTIF('UAT Test Cases'!J2:J46,"Blocked")+COUNTIF('Admin UAT Test Cases'!J2:J29,"Blocked") -> 0
A7: Not Executed | B7: =COUNTIF('UAT Test Cases'!J2:J46,"Not Executed")+COUNTIF('Admin UAT Test Cases'!J2:J29,"Not Executed") -> 0
A8: Pass Rate | B8: =IFERROR(B4/B3,0) -> 1
A10: By Module – User
A11: Module | B11: # Scenarios
A12: Home / Route Search | B12: =COUNTIF('UAT Test Cases'!B2:B46,"Home / Route Search") -> 10
A13: Route Details | B13: =COUNTIF('UAT Test Cases'!B2:B46,"Route Details") -> 3
A14: Login | B14: =COUNTIF('UAT Test Cases'!B2:B46,"Login") -> 5
A15: Register | B15: =COUNTIF('UAT Test Cases'!B2:B46,"Register") -> 4
A16: Incident Report | B16: =COUNTIF('UAT Test Cases'!B2:B46,"Incident Report") -> 7
A17: Profile | B17: =COUNTIF('UAT Test Cases'!B2:B46,"Profile") -> 3
A18: AI Chat Assistant | B18: =COUNTIF('UAT Test Cases'!B2:B46,"AI Chat Assistant") -> 3
A19: General UX | B19: =COUNTIF('UAT Test Cases'!B2:B46,"General UX") -> 10
A21: By Module – Admin
A22: Module | B22: # Scenarios
A23: Admin Access | B23: =COUNTIF('Admin UAT Test Cases'!B2:B29,"Admin Access") -> 4
A24: Admin - Overview | B24: =COUNTIF('Admin UAT Test Cases'!B2:B29,"Admin - Overview") -> 4
A25: Admin - Search Logs | B25: =COUNTIF('Admin UAT Test Cases'!B2:B29,"Admin - Search Logs") -> 4
A26: Admin - Incident Logs | B26: =COUNTIF('Admin UAT Test Cases'!B2:B29,"Admin - Incident Logs") -> 4
A27: Admin - User Management | B27: =COUNTIF('Admin UAT Test Cases'!B2:B29,"Admin - User Management") -> 7
A28: Admin - Login Logs | B28: =COUNTIF('Admin UAT Test Cases'!B2:B29,"Admin - Login Logs") -> 3
A29: Admin - General UX | B29: =COUNTIF('Admin UAT Test Cases'!B2:B29,"Admin - General UX") -> 2
